name,id,doi,metadata
National Snow and Ice Data Center,r3d100010110,https://doi.org/10.17616/R3HP4V,"<?xml version=""1.0"" encoding=""utf-8""?>
<!--re3data.org Schema for the Description of Research Data Repositories. Version 2.2, December 2014. doi:10.2312/re3.006-->
<r3d:re3data xmlns:r3d=""http://www.re3data.org/schema/2-2"" xmlns:xsi=""http://www.w3.org/2001/XMLSchema-instance"" xsi:schemaLocation=""http://www.re3data.org/schema/2-2 http://schema.re3data.org/2-2/re3dataV2-2.xsd"">
  <r3d:repository>
    <r3d:re3data.orgIdentifier>r3d100010110</r3d:re3data.orgIdentifier>
    <r3d:repositoryName language=""eng"">National Snow and Ice Data Center</r3d:repositoryName>
    <r3d:additionalName language=""eng"">NSIDC</r3d:additionalName>
    <r3d:additionalName language=""eng"">WDC - CU</r3d:additionalName>
    <r3d:additionalName language=""eng"">WDC for Glaciology</r3d:additionalName>
    <r3d:additionalName language=""eng"">World Data Center for Glaciology</r3d:additionalName>
    <r3d:repositoryURL>https://nsidc.org/data/</r3d:repositoryURL>
    <r3d:repositoryIdentifier>RRID:SCR_002220</r3d:repositoryIdentifier>
    <r3d:repositoryIdentifier>RRID:nlx_154742</r3d:repositoryIdentifier>
    <r3d:description language=""eng"">NSIDC offers hundreds of scientific data sets for research, focusing on the cryosphere and its interactions. Data are from satellites and field observations. All data are free of charge.</r3d:description>
    <r3d:repositoryContact>https://nsidc.org/about/contact.html</r3d:repositoryContact>
    <r3d:repositoryContact>nsidc@nsidc.org</r3d:repositoryContact>
    <r3d:type>disciplinary</r3d:type>
    <r3d:size updated=""2018-10-31"">1122 data sets</r3d:size>
    <r3d:startDate>1976</r3d:startDate>
    <r3d:endDate/>
    <r3d:repositoryLanguage>eng</r3d:repositoryLanguage>
    <r3d:subject subjectScheme=""DFG"">3 Natural Sciences</r3d:subject>
    <r3d:subject subjectScheme=""DFG"">313 Atmospheric Science and Oceanography</r3d:subject>
    <r3d:subject subjectScheme=""DFG"">318 Water Research</r3d:subject>
    <r3d:subject subjectScheme=""DFG"">34 Geosciences (including Geography)</r3d:subject>
    <r3d:missionStatementURL>https://nsidc.org/about/overview</r3d:missionStatementURL>
    <r3d:contentType contentTypeScheme=""parse"">Images</r3d:contentType>
    <r3d:contentType contentTypeScheme=""parse"">Raw data</r3d:contentType>
    <r3d:contentType contentTypeScheme=""parse"">Scientific and statistical data formats</r3d:contentType>
    <r3d:contentType contentTypeScheme=""parse"">Structured graphics</r3d:contentType>
    <r3d:contentType contentTypeScheme=""parse"">Structured text</r3d:contentType>
    <r3d:providerType>dataProvider</r3d:providerType>
    <r3d:providerType>serviceProvider</r3d:providerType>
    <r3d:keyword>arctic sea ice</r3d:keyword>
    <r3d:keyword>biosphere</r3d:keyword>
    <r3d:keyword>climatology</r3d:keyword>
    <r3d:keyword>cryosphere</r3d:keyword>
    <r3d:keyword>glaciology</r3d:keyword>
    <r3d:keyword>global warming</r3d:keyword>
    <r3d:keyword>ice</r3d:keyword>
    <r3d:keyword>ice sheets</r3d:keyword>
    <r3d:keyword>ice shelves</r3d:keyword>
    <r3d:keyword>icebergs</r3d:keyword>
    <r3d:keyword>snow</r3d:keyword>
    <r3d:institution>
        <r3d:institutionName language=""eng"">Cooperative Institute for Research in Environmental Sciences, National Snow and Ice Data Center</r3d:institutionName>
        <r3d:institutionAdditionalName language=""eng"">CIRES</r3d:institutionAdditionalName>
        <r3d:institutionAdditionalName language=""eng"">NSIDC</r3d:institutionAdditionalName>
        <r3d:institutionCountry>USA</r3d:institutionCountry>
        <r3d:responsibilityType>general</r3d:responsibilityType>
        <r3d:responsibilityType>technical</r3d:responsibilityType>
        <r3d:institutionType>non-profit</r3d:institutionType>
        <r3d:institutionURL>https://nsidc.org/</r3d:institutionURL>
        <r3d:institutionIdentifier>ROR:00bdqav06</r3d:institutionIdentifier>
        <r3d:responsibilityStartDate>1976</r3d:responsibilityStartDate>
        <r3d:responsibilityEndDate/>
        <r3d:institutionContact>https://nsidc.org/about/contact.html</r3d:institutionContact>
    </r3d:institution>
    <r3d:institution>
        <r3d:institutionName language=""eng"">EarthCube Council of Data Facilities</r3d:institutionName>
        <r3d:institutionAdditionalName language=""eng"">CDF</r3d:institutionAdditionalName>
        <r3d:institutionCountry>USA</r3d:institutionCountry>
        <r3d:responsibilityType>general</r3d:responsibilityType>
        <r3d:institutionType>non-profit</r3d:institutionType>
        <r3d:institutionURL>https://www.earthcube.org/group/council-data-facilities</r3d:institutionURL>
        <r3d:responsibilityStartDate/>
        <r3d:responsibilityEndDate/>
        <r3d:institutionContact>https://www.earthcube.org/contact/General-Inquiries</r3d:institutionContact>
    </r3d:institution>
    <r3d:institution>
        <r3d:institutionName language=""eng"">National Aeronautics and Space Administration</r3d:institutionName>
        <r3d:institutionAdditionalName language=""eng"">NASA</r3d:institutionAdditionalName>
        <r3d:institutionCountry>USA</r3d:institutionCountry>
        <r3d:responsibilityType>funding</r3d:responsibilityType>
        <r3d:institutionType>non-profit</r3d:institutionType>
        <r3d:institutionURL>https://www.nasa.gov/</r3d:institutionURL>
        <r3d:institutionIdentifier>ROR:027ka1x80</r3d:institutionIdentifier>
        <r3d:responsibilityStartDate>1982</r3d:responsibilityStartDate>
        <r3d:responsibilityEndDate/>
        <r3d:institutionContact>https://www.nasa.gov/about/contact/index.html</r3d:institutionContact>
    </r3d:institution>
    <r3d:institution>
        <r3d:institutionName language=""eng"">National Oceanic and Atmospheric Administration</r3d:institutionName>
        <r3d:institutionAdditionalName language=""eng"">NOAA</r3d:institutionAdditionalName>
        <r3d:institutionCountry>USA</r3d:institutionCountry>
        <r3d:responsibilityType>funding</r3d:responsibilityType>
        <r3d:responsibilityType>general</r3d:responsibilityType>
        <r3d:institutionType>non-profit</r3d:institutionType>
        <r3d:institutionURL>https://www.noaa.gov/</r3d:institutionURL>
        <r3d:institutionIdentifier>ROR:02z5nhe81</r3d:institutionIdentifier>
        <r3d:responsibilityStartDate>1982</r3d:responsibilityStartDate>
        <r3d:responsibilityEndDate/>
        <r3d:institutionContact>https://www.noaa.gov/contact-us</r3d:institutionContact>
    </r3d:institution>
    <r3d:institution>
        <r3d:institutionName language=""eng"">National Science Foundation</r3d:institutionName>
        <r3d:institutionAdditionalName language=""eng"">NSF</r3d:institutionAdditionalName>
        <r3d:institutionCountry>USA</r3d:institutionCountry>
        <r3d:responsibilityType>funding</r3d:responsibilityType>
        <r3d:institutionType>non-profit</r3d:institutionType>
        <r3d:institutionURL>https://www.nsf.gov/</r3d:institutionURL>
        <r3d:institutionIdentifier>ROR:021nxhr62</r3d:institutionIdentifier>
        <r3d:responsibilityStartDate>1982</r3d:responsibilityStartDate>
        <r3d:responsibilityEndDate/>
        <r3d:institutionContact>https://www.nsf.gov/help/contact.jsp</r3d:institutionContact>
    </r3d:institution>
    <r3d:institution>
        <r3d:institutionName language=""eng"">University of Colorado Boulder</r3d:institutionName>
        <r3d:institutionAdditionalName language=""eng"">CU Boulder</r3d:institutionAdditionalName>
        <r3d:institutionCountry>USA</r3d:institutionCountry>
        <r3d:responsibilityType>funding</r3d:responsibilityType>
        <r3d:responsibilityType>general</r3d:responsibilityType>
        <r3d:institutionType>non-profit</r3d:institutionType>
        <r3d:institutionURL>https://www.colorado.edu/</r3d:institutionURL>
        <r3d:institutionIdentifier>ROR:02ttsq026</r3d:institutionIdentifier>
        <r3d:responsibilityStartDate/>
        <r3d:responsibilityEndDate/>
        <r3d:institutionContact>https://www.colorado.edu/contact-us</r3d:institutionContact>
    </r3d:institution>
    <r3d:policy>
        <r3d:policyName>CoreTrustSeal Assessment</r3d:policyName>
        <r3d:policyURL>https://www.coretrustseal.org/wp-content/uploads/2020/03/WDC-NSIDC.pdf</r3d:policyURL>
    </r3d:policy>
    <r3d:policy>
        <r3d:policyName>NSIDC web policy</r3d:policyName>
        <r3d:policyURL>https://nsidc.org/privacy.html</r3d:policyURL>
    </r3d:policy>
    <r3d:databaseAccess>
        <r3d:databaseAccessType>open</r3d:databaseAccessType>
    </r3d:databaseAccess>
    <r3d:dataAccess>
    <r3d:dataAccessType>open</r3d:dataAccessType>
    </r3d:dataAccess>
    <r3d:dataAccess>
    <r3d:dataAccessType>restricted</r3d:dataAccessType>
    <r3d:dataAccessRestriction>institutional membership</r3d:dataAccessRestriction>
    <r3d:dataAccessRestriction>other</r3d:dataAccessRestriction>
    <r3d:dataAccessRestriction>registration</r3d:dataAccessRestriction>
    </r3d:dataAccess>
    <r3d:dataLicense>
        <r3d:dataLicenseName>CC0</r3d:dataLicenseName>
        <r3d:dataLicenseURL>https://nsidc.org/about/policies</r3d:dataLicenseURL>
    </r3d:dataLicense>
    <r3d:dataLicense>
        <r3d:dataLicenseName>Copyrights</r3d:dataLicenseName>
        <r3d:dataLicenseURL>https://nsidc.org/about/use_copyright.html</r3d:dataLicenseURL>
    </r3d:dataLicense>
    <r3d:dataLicense>
        <r3d:dataLicenseName>other</r3d:dataLicenseName>
        <r3d:dataLicenseURL>https://nsidc.org/about/policies</r3d:dataLicenseURL>
    </r3d:dataLicense>
    <r3d:dataUpload>
        <r3d:dataUploadType>restricted</r3d:dataUploadType>
        <r3d:dataUploadRestriction>registration</r3d:dataUploadRestriction>
    </r3d:dataUpload>
    <r3d:dataUploadLicense>
        <r3d:dataUploadLicenseName>submit data</r3d:dataUploadLicenseName>
        <r3d:dataUploadLicenseURL>https://nsidc.org/data/submit/intro</r3d:dataUploadLicenseURL>
    </r3d:dataUploadLicense>
    <r3d:software>
        <r3d:softwareName>unknown</r3d:softwareName>
    </r3d:software>
    <r3d:versioning/>
    <r3d:api apiType=""FTP"">https://nsidc.org/data/data_pool</r3d:api>
    <r3d:api apiType=""OpenDAP"">https://nsidc.org/api/opendap/</r3d:api>
    <r3d:api apiType=""other"">https://nsidc.org/api</r3d:api>
    <r3d:pidSystem>DOI</r3d:pidSystem>
    <r3d:citationGuidelineURL>https://nsidc.org/about/use_copyright.html</r3d:citationGuidelineURL>
    <r3d:enhancedPublication>yes</r3d:enhancedPublication>
    <r3d:qualityManagement>yes</r3d:qualityManagement>
    <r3d:certificate>other</r3d:certificate>
    <r3d:metadataStandard>
      <r3d:metadataStandardName metadataStandardScheme=""DCC"">DIF - Directory Interchange Format</r3d:metadataStandardName>
      <r3d:metadataStandardURL>http://www.dcc.ac.uk/resources/metadata-standards/dif-directory-interchange-format</r3d:metadataStandardURL>
    </r3d:metadataStandard>
    <r3d:metadataStandard>
      <r3d:metadataStandardName metadataStandardScheme=""DCC"">FGDC/CSDGM - Federal Geographic Data Committee Content Standard for Digital Geospatial Metadata</r3d:metadataStandardName>
      <r3d:metadataStandardURL>http://www.dcc.ac.uk/resources/metadata-standards/fgdccsdgm-federal-geographic-data-committee-content-standard-digital-ge</r3d:metadataStandardURL>
    </r3d:metadataStandard>
    <r3d:metadataStandard>
      <r3d:metadataStandardName metadataStandardScheme=""DCC"">ISO 19115</r3d:metadataStandardName>
      <r3d:metadataStandardURL>http://www.dcc.ac.uk/resources/metadata-standards/iso-19115</r3d:metadataStandardURL>
    </r3d:metadataStandard>
    <r3d:syndication syndicationType=""RSS"">http://nsidc.org/the-drift/data-update/feed/</r3d:syndication>
    <r3d:syndication syndicationType=""RSS"">http://nsidc.org/feeds/data/nsidc.xml</r3d:syndication>
    <r3d:remarks>WDC - CU is a regular member of ICSU World Data System. NSIDC is covered by Clarivate Data Citation Index. The World Data Center (WDC) for Glaciology, Boulder, a data center responsible for archiving all available glaciological information, was established at the American Geographical Society 
In 1982, NOAA created the National Snow and Ice Data Center (NSIDC) as a means to expand the WDC holdings and as a place to archive data from some NOAA programs. In 1976, responsibility for the WDC for Glaciology was transferred to NOAA, Environmental Data and Information Service (EDIS), and the center moved to the University of Colorado at Boulder in 1957. Between 1971 and 1976 it was operated by the U.S. Geological Survey, Glaciology Project Office</r3d:remarks>
    <r3d:entryDate>2012-11-21</r3d:entryDate>
    <r3d:lastUpdate>2021-06-29</r3d:lastUpdate>
  </r3d:repository>
</r3d:re3data>
"
"World Data Centre for Glaciology, Cambridge",r3d100010457,https://doi.org/10.17616/R3CC9D,"<?xml version=""1.0"" encoding=""utf-8""?>
<!--re3data.org Schema for the Description of Research Data Repositories. Version 2.2, December 2014. doi:10.2312/re3.006-->
<r3d:re3data xmlns:r3d=""http://www.re3data.org/schema/2-2"" xmlns:xsi=""http://www.w3.org/2001/XMLSchema-instance"" xsi:schemaLocation=""http://www.re3data.org/schema/2-2 http://schema.re3data.org/2-2/re3dataV2-2.xsd"">
  <r3d:repository>
    <r3d:re3data.orgIdentifier>r3d100010457</r3d:re3data.orgIdentifier>
    <r3d:repositoryName language=""eng"">World Data Centre for Glaciology, Cambridge</r3d:repositoryName>
    <r3d:additionalName language=""eng"">SPRILIB Ice and Snow</r3d:additionalName>
    <r3d:additionalName language=""eng"">WDC-C for Glaciology</r3d:additionalName>
    <r3d:additionalName language=""eng"">WDCGC</r3d:additionalName>
    <r3d:repositoryURL>https://www.spri.cam.ac.uk/library/catalogue/sprilib/icesnow/</r3d:repositoryURL>
    <r3d:description language=""eng"">Until 2014 housed in the library of the Scott Polar Research Institute, the WDC for Glaciology, Cambridge, maintains a particularly comprehensive collection of publications covering all aspects of snow and ice worldwide. Glaciological literature has been systematically collected and catalogued at the Scott Polar Research Institute since 1920. The SPRI Picture Library houses one of the world's most comprehensive collections of historical photographs of the Polar Regions</r3d:description>
    <r3d:type>disciplinary</r3d:type>
    <r3d:size updated=""2019-10-28"">40.000 records</r3d:size>
    <r3d:startDate>2002</r3d:startDate>
    <r3d:endDate>2014</r3d:endDate>
    <r3d:repositoryLanguage>eng</r3d:repositoryLanguage>
    <r3d:subject subjectScheme=""DFG"">3 Natural Sciences</r3d:subject>
    <r3d:subject subjectScheme=""DFG"">313 Atmospheric Science and Oceanography</r3d:subject>
    <r3d:subject subjectScheme=""DFG"">34 Geosciences (including Geography)</r3d:subject>
    <r3d:missionStatementURL/>
    <r3d:contentType contentTypeScheme=""parse"">Audiovisual data</r3d:contentType>
    <r3d:contentType contentTypeScheme=""parse"">Databases</r3d:contentType>
    <r3d:contentType contentTypeScheme=""parse"">Images</r3d:contentType>
    <r3d:contentType contentTypeScheme=""parse"">Standard office documents</r3d:contentType>
    <r3d:providerType>dataProvider</r3d:providerType>
    <r3d:keyword>Russian North</r3d:keyword>
    <r3d:keyword>expeditions</r3d:keyword>
    <r3d:keyword>geocryology</r3d:keyword>
    <r3d:keyword>global change</r3d:keyword>
    <r3d:keyword>historical photographs</r3d:keyword>
    <r3d:keyword>ice</r3d:keyword>
    <r3d:keyword>ice navigation</r3d:keyword>
    <r3d:keyword>law</r3d:keyword>
    <r3d:keyword>marine sciences</r3d:keyword>
    <r3d:keyword>snow</r3d:keyword>
    <r3d:institution>
        <r3d:institutionName language=""eng"">Royal Society</r3d:institutionName>
        <r3d:institutionCountry>GBR</r3d:institutionCountry>
        <r3d:responsibilityType>funding</r3d:responsibilityType>
        <r3d:institutionType>non-profit</r3d:institutionType>
        <r3d:institutionURL>https://royalsociety.org/</r3d:institutionURL>
        <r3d:institutionIdentifier>ROR:03wnrjx87</r3d:institutionIdentifier>
        <r3d:responsibilityStartDate/>
        <r3d:responsibilityEndDate/>
    </r3d:institution>
    <r3d:institution>
        <r3d:institutionName language=""eng"">University of Cambridge, Scott Polar Research Institute, Library</r3d:institutionName>
        <r3d:institutionAdditionalName language=""eng"">SPRILIB</r3d:institutionAdditionalName>
        <r3d:institutionCountry>GBR</r3d:institutionCountry>
        <r3d:responsibilityType>general</r3d:responsibilityType>
        <r3d:responsibilityType>technical</r3d:responsibilityType>
        <r3d:institutionType>non-profit</r3d:institutionType>
        <r3d:institutionURL>https://www.spri.cam.ac.uk/library/</r3d:institutionURL>
        <r3d:responsibilityStartDate/>
        <r3d:responsibilityEndDate>2014</r3d:responsibilityEndDate>
        <r3d:institutionContact>library@spri.cam.ac.uk</r3d:institutionContact>
    </r3d:institution>
    <r3d:institution>
        <r3d:institutionName language=""eng"">World Data Centre for Glaciology</r3d:institutionName>
        <r3d:institutionAdditionalName language=""eng"">WDCGC</r3d:institutionAdditionalName>
        <r3d:institutionCountry>GBR</r3d:institutionCountry>
        <r3d:responsibilityType>general</r3d:responsibilityType>
        <r3d:institutionType>non-profit</r3d:institutionType>
        <r3d:institutionURL>https://www.wdcgc.spri.cam.ac.uk/</r3d:institutionURL>
        <r3d:responsibilityStartDate/>
        <r3d:responsibilityEndDate/>
        <r3d:institutionContact>https://www.wdcgc.spri.cam.ac.uk/contacts/</r3d:institutionContact>
        <r3d:institutionContact>wdcgc@spri.cam.ac.uk</r3d:institutionContact>
    </r3d:institution>
    <r3d:policy>
        <r3d:policyName>access policy</r3d:policyName>
        <r3d:policyURL>https://www.spri.cam.ac.uk/archives/policy/</r3d:policyURL>
    </r3d:policy>
    <r3d:databaseAccess>
        <r3d:databaseAccessType>open</r3d:databaseAccessType>
    </r3d:databaseAccess>
    <r3d:dataAccess>
    <r3d:dataAccessType>open</r3d:dataAccessType>
    </r3d:dataAccess>
    <r3d:dataAccess>
    <r3d:dataAccessType>restricted</r3d:dataAccessType>
    <r3d:dataAccessRestriction>registration</r3d:dataAccessRestriction>
    </r3d:dataAccess>
    <r3d:dataLicense>
        <r3d:dataLicenseName>Copyrights</r3d:dataLicenseName>
        <r3d:dataLicenseURL>https://www.spri.cam.ac.uk/about/website/copyright.html</r3d:dataLicenseURL>
    </r3d:dataLicense>
    <r3d:dataUpload>
        <r3d:dataUploadType>restricted</r3d:dataUploadType>
        <r3d:dataUploadRestriction>registration</r3d:dataUploadRestriction>
    </r3d:dataUpload>
    <r3d:software>
        <r3d:softwareName>dLibra</r3d:softwareName>
    </r3d:software>
    <r3d:versioning/>
    <r3d:pidSystem>none</r3d:pidSystem>
    <r3d:citationGuidelineURL/>
    <r3d:enhancedPublication>unknown</r3d:enhancedPublication>
    <r3d:qualityManagement>yes</r3d:qualityManagement>
    <r3d:remarks>The Library of the Scott Polar Research Institute (SPRI Library) also housed until 2014, the Library  the World Data Centre for Glaciology, Cambridge, with special responsibilities for the provision of information to British and European glaciologists. The World Data Center for Glaciology, Boulder (WDCGB) is at the National Snow and Ice Data Center [Colorado, USA]. The WDC for Glaciology and Geocryology, Lanzhou, is in China. All three centres form part of the ICSU World Data System (WDS). Until July 1999 the Centre was called WDC-C for Glaciology.</r3d:remarks>
    <r3d:entryDate>2013-09-09</r3d:entryDate>
    <r3d:lastUpdate>2021-06-08</r3d:lastUpdate>
  </r3d:repository>
</r3d:re3data>
"
National Cryosphere Desert Data Center,r3d100013754,https://doi.org/10.17616/R31NJN3U,"<?xml version=""1.0"" encoding=""utf-8""?>
<!--re3data.org Schema for the Description of Research Data Repositories. Version 2.2, December 2014. doi:10.2312/re3.006-->
<r3d:re3data xmlns:r3d=""http://www.re3data.org/schema/2-2"" xmlns:xsi=""http://www.w3.org/2001/XMLSchema-instance"" xsi:schemaLocation=""http://www.re3data.org/schema/2-2 http://schema.re3data.org/2-2/re3dataV2-2.xsd"">
  <r3d:repository>
    <r3d:re3data.orgIdentifier>r3d100013754</r3d:re3data.orgIdentifier>
    <r3d:repositoryName language=""eng"">National Cryosphere Desert Data Center</r3d:repositoryName>
    <r3d:additionalName language=""eng"">NCDC</r3d:additionalName>
    <r3d:additionalName language=""zho"">国家冰川冻土沙漠科学数据中心</r3d:additionalName>
    <r3d:repositoryURL>http://www.ncdc.ac.cn</r3d:repositoryURL>
    <r3d:description language=""eng"">The National Cryosphere Desert Data Center (hereinafter referred to as NCDC) is supported by the Institute of environment and Engineering in the cold and dry areas of the Chinese Academy of Sciences, in cooperation with Xinjiang Institute of ecology and geography of the Chinese Academy of Sciences, Chengdu Institute of mountain land disaster and environment of the Ministry of water resources of the Chinese Academy of Sciences, Qinghai Salt Lake Research Institute of the Chinese Academy of Sciences and Qinghai Gao of the Chinese Academy of Sciences The Institute of protobiology and other units were jointly established. The supporting units of glacier permafrost desert data center have formed a scientific research and support system of seven research laboratories and three research systems, highlighting the research characteristics of glacier, permafrost, desert, atmosphere, water and soil, ecology, environment, resources, engineering and sustainable development in the dry areas of cold regions.</r3d:description>
    <r3d:repositoryContact>kangjf@lzb.ac.cn</r3d:repositoryContact>
    <r3d:type>disciplinary</r3d:type>
    <r3d:size updated=""2022-02-22"">2.498 items; data size: 23.8 TB</r3d:size>
    <r3d:startDate/>
    <r3d:endDate/>
    <r3d:repositoryLanguage>eng</r3d:repositoryLanguage>
    <r3d:repositoryLanguage>zho</r3d:repositoryLanguage>
    <r3d:subject subjectScheme=""DFG"">3 Natural Sciences</r3d:subject>
    <r3d:subject subjectScheme=""DFG"">34 Geosciences (including Geography)</r3d:subject>
    <r3d:missionStatementURL>http://www.ncdc.ac.cn/portal/about/platform_en</r3d:missionStatementURL>
    <r3d:contentType contentTypeScheme=""parse"">Archived data</r3d:contentType>
    <r3d:contentType contentTypeScheme=""parse"">Images</r3d:contentType>
    <r3d:contentType contentTypeScheme=""parse"">Plain text</r3d:contentType>
    <r3d:contentType contentTypeScheme=""parse"">Scientific and statistical data formats</r3d:contentType>
    <r3d:contentType contentTypeScheme=""parse"">Source code</r3d:contentType>
    <r3d:contentType contentTypeScheme=""parse"">Standard office documents</r3d:contentType>
    <r3d:contentType contentTypeScheme=""parse"">Structured graphics</r3d:contentType>
    <r3d:providerType>dataProvider</r3d:providerType>
    <r3d:keyword>Antarctica</r3d:keyword>
    <r3d:keyword>Gansu Province</r3d:keyword>
    <r3d:keyword>Great Wall Station</r3d:keyword>
    <r3d:keyword>engineering geology</r3d:keyword>
    <r3d:keyword>glacier</r3d:keyword>
    <r3d:keyword>meteorology</r3d:keyword>
    <r3d:keyword>physical geography</r3d:keyword>
    <r3d:keyword>wind speed</r3d:keyword>
    <r3d:institution>
        <r3d:institutionName language=""eng"">Chinese Academy of Sciences, Institute of Mountain Hazards and Environment</r3d:institutionName>
        <r3d:institutionAdditionalName language=""eng"">IMHE</r3d:institutionAdditionalName>
        <r3d:institutionAdditionalName language=""zho"">中国科学院水利部成都山地灾害与环境研究所</r3d:institutionAdditionalName>
        <r3d:institutionCountry>CHN</r3d:institutionCountry>
        <r3d:responsibilityType>general</r3d:responsibilityType>
        <r3d:institutionType>non-profit</r3d:institutionType>
        <r3d:institutionURL>http://english.imde.cas.cn/</r3d:institutionURL>
        <r3d:institutionIdentifier>ROR:02z0nsb22</r3d:institutionIdentifier>
        <r3d:responsibilityStartDate/>
        <r3d:responsibilityEndDate/>
    </r3d:institution>
    <r3d:institution>
        <r3d:institutionName language=""eng"">Chinese Academy of Sciences, Northwest Institute of Eco-Environment and Resources</r3d:institutionName>
        <r3d:institutionAdditionalName language=""eng"">NIEER</r3d:institutionAdditionalName>
        <r3d:institutionAdditionalName language=""zho"">中国科学院西北生态环境资源研究院</r3d:institutionAdditionalName>
        <r3d:institutionCountry>CHN</r3d:institutionCountry>
        <r3d:responsibilityType>general</r3d:responsibilityType>
        <r3d:institutionType>non-profit</r3d:institutionType>
        <r3d:institutionURL>http://english.nieer.cas.cn/</r3d:institutionURL>
        <r3d:institutionIdentifier>ROR:01jz1e142</r3d:institutionIdentifier>
        <r3d:responsibilityStartDate/>
        <r3d:responsibilityEndDate/>
    </r3d:institution>
    <r3d:institution>
        <r3d:institutionName language=""eng"">Chinese Academy of Sciences, Qinghai Salt Lake Research Institute</r3d:institutionName>
        <r3d:institutionAdditionalName language=""eng"">ISL</r3d:institutionAdditionalName>
        <r3d:institutionAdditionalName language=""zho"">中国科学院青海盐湖研究所</r3d:institutionAdditionalName>
        <r3d:institutionCountry>CHN</r3d:institutionCountry>
        <r3d:responsibilityType>general</r3d:responsibilityType>
        <r3d:institutionType>non-profit</r3d:institutionType>
        <r3d:institutionURL>http://english.isl.cas.cn/</r3d:institutionURL>
        <r3d:responsibilityStartDate/>
        <r3d:responsibilityEndDate/>
    </r3d:institution>
    <r3d:institution>
        <r3d:institutionName language=""eng"">Chinese Academy of Sciences, Xinjiang Institute of Ecology and Geography</r3d:institutionName>
        <r3d:institutionAdditionalName language=""eng"">XIEG</r3d:institutionAdditionalName>
        <r3d:institutionAdditionalName language=""zho"">中国科学院新疆生态与地理研究所</r3d:institutionAdditionalName>
        <r3d:institutionCountry>CHN</r3d:institutionCountry>
        <r3d:responsibilityType>general</r3d:responsibilityType>
        <r3d:institutionType>non-profit</r3d:institutionType>
        <r3d:institutionURL>http://english.egi.cas.cn/</r3d:institutionURL>
        <r3d:institutionIdentifier>ROR:01a8ev928</r3d:institutionIdentifier>
        <r3d:responsibilityStartDate/>
        <r3d:responsibilityEndDate/>
    </r3d:institution>
    <r3d:databaseAccess>
        <r3d:databaseAccessType>open</r3d:databaseAccessType>
    </r3d:databaseAccess>
    <r3d:dataAccess>
    <r3d:dataAccessType>restricted</r3d:dataAccessType>
    <r3d:dataAccessRestriction>other</r3d:dataAccessRestriction>
    </r3d:dataAccess>
    <r3d:dataLicense>
        <r3d:dataLicenseName>CC</r3d:dataLicenseName>
        <r3d:dataLicenseURL>https://creativecommons.org/</r3d:dataLicenseURL>
    </r3d:dataLicense>
    <r3d:dataUpload>
        <r3d:dataUploadType>restricted</r3d:dataUploadType>
        <r3d:dataUploadRestriction>other</r3d:dataUploadRestriction>
    </r3d:dataUpload>
    <r3d:versioning>yes</r3d:versioning>
    <r3d:api apiType=""FTP"">http://ftp.ncdc.ac.cn</r3d:api>
    <r3d:pidSystem>DOI</r3d:pidSystem>
    <r3d:pidSystem>other</r3d:pidSystem>
    <r3d:citationGuidelineURL/>
    <r3d:enhancedPublication>yes</r3d:enhancedPublication>
    <r3d:qualityManagement>yes</r3d:qualityManagement>
    <r3d:remarks/>
    <r3d:entryDate>2022-02-22</r3d:entryDate>
    <r3d:lastUpdate>2022-02-24</r3d:lastUpdate>
  </r3d:repository>
</r3d:re3data>
"
National Institute  of Polar Research Science Database,r3d100010957,https://doi.org/10.17616/R36K8J,"<?xml version=""1.0"" encoding=""utf-8""?>
<!--re3data.org Schema for the Description of Research Data Repositories. Version 2.2, December 2014. doi:10.2312/re3.006-->
<r3d:re3data xmlns:r3d=""http://www.re3data.org/schema/2-2"" xmlns:xsi=""http://www.w3.org/2001/XMLSchema-instance"" xsi:schemaLocation=""http://www.re3data.org/schema/2-2 http://schema.re3data.org/2-2/re3dataV2-2.xsd"">
  <r3d:repository>
    <r3d:re3data.orgIdentifier>r3d100010957</r3d:re3data.orgIdentifier>
    <r3d:repositoryName language=""eng"">National Institute  of Polar Research Science Database</r3d:repositoryName>
    <r3d:additionalName language=""eng"">Polar Data Center Science Database</r3d:additionalName>
    <r3d:repositoryURL>https://scidbase.nipr.ac.jp/?ml_lang=en</r3d:repositoryURL>
    <r3d:description language=""eng"">The Polar Data Center (PDC) manages the Science Database among other repositories for Japanese polar research.  The Science Database is the destination repository for all Japanese Antarctic Research Expedition (JARE) data as well as the Japanese contribution to the International Polar Year (IPY) 2007-2008. Metadata are in English and Japanese, and metadata records are shared with the Global Change Master Directory.</r3d:description>
    <r3d:repositoryContact>dbase@nipr.ac.jp</r3d:repositoryContact>
    <r3d:type>disciplinary</r3d:type>
    <r3d:type>other</r3d:type>
    <r3d:size updated=""""/>
    <r3d:startDate/>
    <r3d:endDate/>
    <r3d:repositoryLanguage>eng</r3d:repositoryLanguage>
    <r3d:subject subjectScheme=""DFG"">2 Life Sciences</r3d:subject>
    <r3d:subject subjectScheme=""DFG"">21 Biology</r3d:subject>
    <r3d:subject subjectScheme=""DFG"">3 Natural Sciences</r3d:subject>
    <r3d:subject subjectScheme=""DFG"">313 Atmospheric Science and Oceanography</r3d:subject>
    <r3d:subject subjectScheme=""DFG"">31301 Atmospheric Science</r3d:subject>
    <r3d:subject subjectScheme=""DFG"">34 Geosciences (including Geography)</r3d:subject>
    <r3d:missionStatementURL/>
    <r3d:contentType contentTypeScheme=""parse"">Images</r3d:contentType>
    <r3d:contentType contentTypeScheme=""parse"">Raw data</r3d:contentType>
    <r3d:contentType contentTypeScheme=""parse"">Scientific and statistical data formats</r3d:contentType>
    <r3d:contentType contentTypeScheme=""parse"">Structured text</r3d:contentType>
    <r3d:providerType>serviceProvider</r3d:providerType>
    <r3d:keyword>antarctic treaty system</r3d:keyword>
    <r3d:keyword>atmosphere, upper</r3d:keyword>
    <r3d:keyword>biology</r3d:keyword>
    <r3d:keyword>geology</r3d:keyword>
    <r3d:keyword>glaciology</r3d:keyword>
    <r3d:keyword>ice sheets</r3d:keyword>
    <r3d:keyword>meteorology</r3d:keyword>
    <r3d:keyword>oceanography</r3d:keyword>
    <r3d:keyword>remote sensing</r3d:keyword>
    <r3d:institution>
        <r3d:institutionName language=""eng"">National Institute of Polar Research, Polar Data Center</r3d:institutionName>
        <r3d:institutionAdditionalName language=""eng"">NIPR</r3d:institutionAdditionalName>
        <r3d:institutionCountry>JPN</r3d:institutionCountry>
        <r3d:responsibilityType>general</r3d:responsibilityType>
        <r3d:institutionType>non-profit</r3d:institutionType>
        <r3d:institutionURL>https://www.nipr.ac.jp/english/</r3d:institutionURL>
        <r3d:responsibilityStartDate/>
        <r3d:responsibilityEndDate/>
        <r3d:institutionContact>kofositu@nipr.ac.jp</r3d:institutionContact>
        <r3d:institutionContact>kousai@nipr.ac.jp</r3d:institutionContact>
    </r3d:institution>
    <r3d:policy>
        <r3d:policyName>Guidelines for data management, Polar Data Center</r3d:policyName>
        <r3d:policyURL>https://scidbase.nipr.ac.jp/uploads/policy/data-policy.e.pdf</r3d:policyURL>
    </r3d:policy>
    <r3d:policy>
        <r3d:policyName>International Polar Year 2007-2008 Data Policy</r3d:policyName>
        <r3d:policyURL>https://scidbase.nipr.ac.jp/uploads/policy/ipy_datapolicy_e.pdf</r3d:policyURL>
    </r3d:policy>
    <r3d:policy>
        <r3d:policyName>Polar Information Commons - PIC</r3d:policyName>
        <r3d:policyURL>https://www.polarcommons.org/</r3d:policyURL>
    </r3d:policy>
    <r3d:policy>
        <r3d:policyName>Terms of Use</r3d:policyName>
        <r3d:policyURL>https://www.nipr.ac.jp/english/terms.html</r3d:policyURL>
    </r3d:policy>
    <r3d:databaseAccess>
        <r3d:databaseAccessType>open</r3d:databaseAccessType>
    </r3d:databaseAccess>
    <r3d:dataAccess>
    <r3d:dataAccessType>open</r3d:dataAccessType>
    </r3d:dataAccess>
    <r3d:dataAccess>
    <r3d:dataAccessType>restricted</r3d:dataAccessType>
    <r3d:dataAccessRestriction>registration</r3d:dataAccessRestriction>
    </r3d:dataAccess>
    <r3d:dataLicense>
        <r3d:dataLicenseName>CC</r3d:dataLicenseName>
        <r3d:dataLicenseURL>https://creativecommons.org/licenses/by/3.0/</r3d:dataLicenseURL>
    </r3d:dataLicense>
    <r3d:dataLicense>
        <r3d:dataLicenseName>other</r3d:dataLicenseName>
        <r3d:dataLicenseURL>https://scidbase.nipr.ac.jp/uploads/policy/ipy_datapolicy_e.pdf</r3d:dataLicenseURL>
    </r3d:dataLicense>
    <r3d:dataUpload>
        <r3d:dataUploadType>restricted</r3d:dataUploadType>
        <r3d:dataUploadRestriction>other</r3d:dataUploadRestriction>
    </r3d:dataUpload>
    <r3d:software>
        <r3d:softwareName>unknown</r3d:softwareName>
    </r3d:software>
    <r3d:versioning/>
    <r3d:pidSystem>DOI</r3d:pidSystem>
    <r3d:citationGuidelineURL/>
    <r3d:enhancedPublication>no</r3d:enhancedPublication>
    <r3d:qualityManagement>unknown</r3d:qualityManagement>
    <r3d:metadataStandard>
      <r3d:metadataStandardName metadataStandardScheme=""DCC"">DIF - Directory Interchange Format</r3d:metadataStandardName>
      <r3d:metadataStandardURL>http://www.dcc.ac.uk/resources/metadata-standards/dif-directory-interchange-format</r3d:metadataStandardURL>
    </r3d:metadataStandard>
    <r3d:remarks/>
    <r3d:entryDate>2014-09-16</r3d:entryDate>
    <r3d:lastUpdate>2021-05-06</r3d:lastUpdate>
  </r3d:repository>
</r3d:re3data>
"
Integrated Climate Data Center,r3d100010405,https://doi.org/10.17616/R39S3N,"<?xml version=""1.0"" encoding=""utf-8""?>
<!--re3data.org Schema for the Description of Research Data Repositories. Version 2.2, December 2014. doi:10.2312/re3.006-->
<r3d:re3data xmlns:r3d=""http://www.re3data.org/schema/2-2"" xmlns:xsi=""http://www.w3.org/2001/XMLSchema-instance"" xsi:schemaLocation=""http://www.re3data.org/schema/2-2 http://schema.re3data.org/2-2/re3dataV2-2.xsd"">
  <r3d:repository>
    <r3d:re3data.orgIdentifier>r3d100010405</r3d:re3data.orgIdentifier>
    <r3d:repositoryName language=""eng"">Integrated Climate Data Center</r3d:repositoryName>
    <r3d:additionalName language=""eng"">ICDC</r3d:additionalName>
    <r3d:repositoryURL>https://www.cen.uni-hamburg.de/en/icdc/data.html</r3d:repositoryURL>
    <r3d:repositoryIdentifier>FAIRsharing_doi:10.25504/FAIRsharing.d95034</r3d:repositoryIdentifier>
    <r3d:description language=""eng"">The CliSAP-Integrated Climate Data Center (ICDC) allows easy access to climate relevant data from satellite remote sensing and in situ and other measurements in Earth System Sciences. These data are important to determine the status and the changes in the climate system. Additionally some relevant re-analysis data are included, which are modeled on the basis of observational data. ICDC cooperates with the ""Zentrum für Nachhaltiges Forschungsdatenmanagement ""https://www.fdr.uni-hamburg.de/ to publish observational data with a doi.</r3d:description>
    <r3d:repositoryContact>https://www.cen.uni-hamburg.de/en/icdc/about-icdc/contact.html</r3d:repositoryContact>
    <r3d:repositoryContact>icdc.cen@lists.uni-hamburg.de</r3d:repositoryContact>
    <r3d:type>disciplinary</r3d:type>
    <r3d:type>institutional</r3d:type>
    <r3d:size updated=""""/>
    <r3d:startDate>2009</r3d:startDate>
    <r3d:endDate/>
    <r3d:repositoryLanguage>deu</r3d:repositoryLanguage>
    <r3d:repositoryLanguage>eng</r3d:repositoryLanguage>
    <r3d:subject subjectScheme=""DFG"">3 Natural Sciences</r3d:subject>
    <r3d:subject subjectScheme=""DFG"">313 Atmospheric Science and Oceanography</r3d:subject>
    <r3d:subject subjectScheme=""DFG"">31302 Oceanography</r3d:subject>
    <r3d:subject subjectScheme=""DFG"">34 Geosciences (including Geography)</r3d:subject>
    <r3d:missionStatementURL>https://www.cen.uni-hamburg.de/en/icdc/about-icdc.html</r3d:missionStatementURL>
    <r3d:contentType contentTypeScheme=""parse"">Archived data</r3d:contentType>
    <r3d:contentType contentTypeScheme=""parse"">Images</r3d:contentType>
    <r3d:contentType contentTypeScheme=""parse"">Scientific and statistical data formats</r3d:contentType>
    <r3d:contentType contentTypeScheme=""parse"">Software applications</r3d:contentType>
    <r3d:contentType contentTypeScheme=""parse"">Standard office documents</r3d:contentType>
    <r3d:contentType contentTypeScheme=""parse"">Structured graphics</r3d:contentType>
    <r3d:contentType contentTypeScheme=""parse"">Structured text</r3d:contentType>
    <r3d:providerType>dataProvider</r3d:providerType>
    <r3d:providerType>serviceProvider</r3d:providerType>
    <r3d:keyword>atmosphere</r3d:keyword>
    <r3d:keyword>climate indices</r3d:keyword>
    <r3d:keyword>cryosphere</r3d:keyword>
    <r3d:keyword>land</r3d:keyword>
    <r3d:keyword>ocean</r3d:keyword>
    <r3d:keyword>re-analyses</r3d:keyword>
    <r3d:institution>
        <r3d:institutionName language=""eng"">Universität Hamburg, Center for Earth System Research and Sustainability, Integrated Climate Data Center</r3d:institutionName>
        <r3d:institutionAdditionalName language=""eng"">CEN, ICDC</r3d:institutionAdditionalName>
        <r3d:institutionAdditionalName language=""deu"">Universität Hamburg, Centrum für Erdsystemforschung und Nachhaltigkeit, Integrated Climate Data Center</r3d:institutionAdditionalName>
        <r3d:institutionCountry>DEU</r3d:institutionCountry>
        <r3d:responsibilityType>funding</r3d:responsibilityType>
        <r3d:responsibilityType>general</r3d:responsibilityType>
        <r3d:responsibilityType>technical</r3d:responsibilityType>
        <r3d:institutionType>non-profit</r3d:institutionType>
        <r3d:institutionURL>https://www.cen.uni-hamburg.de/en/icdc.html</r3d:institutionURL>
        <r3d:responsibilityStartDate>2009</r3d:responsibilityStartDate>
        <r3d:responsibilityEndDate/>
        <r3d:institutionContact>icdc.cen@lists.uni-hamburg.de</r3d:institutionContact>
    </r3d:institution>
    <r3d:policy>
        <r3d:policyName>Data management at ICDC</r3d:policyName>
        <r3d:policyURL>https://www.cen.uni-hamburg.de/en/icdc/research/data-management.html</r3d:policyURL>
    </r3d:policy>
    <r3d:databaseAccess>
        <r3d:databaseAccessType>open</r3d:databaseAccessType>
    </r3d:databaseAccess>
    <r3d:dataAccess>
    <r3d:dataAccessType>open</r3d:dataAccessType>
    </r3d:dataAccess>
    <r3d:dataAccess>
    <r3d:dataAccessType>restricted</r3d:dataAccessType>
    <r3d:dataAccessRestriction>registration</r3d:dataAccessRestriction>
    </r3d:dataAccess>
    <r3d:dataLicense>
        <r3d:dataLicenseName>CC</r3d:dataLicenseName>
        <r3d:dataLicenseURL>https://creativecommons.org/licenses/</r3d:dataLicenseURL>
    </r3d:dataLicense>
    <r3d:dataLicense>
        <r3d:dataLicenseName>Copyrights</r3d:dataLicenseName>
        <r3d:dataLicenseURL>https://www.cen.uni-hamburg.de/en/icdc/research/data-management.html#DatenmanagementbeiICDC-5SpeicherungvonDatens%C3%A4tzen,BackupundArchivierung</r3d:dataLicenseURL>
    </r3d:dataLicense>
    <r3d:dataUpload>
        <r3d:dataUploadType>closed</r3d:dataUploadType>
    </r3d:dataUpload>
    <r3d:software>
        <r3d:softwareName>unknown</r3d:softwareName>
    </r3d:software>
    <r3d:versioning/>
    <r3d:api apiType=""FTP"">ftp://ftp-icdc.cen.uni-hamburg.de/</r3d:api>
    <r3d:api apiType=""OpenDAP"">https://icdc.cen.uni-hamburg.de/thredds/catalog.html</r3d:api>
    <r3d:citationGuidelineURL/>
    <r3d:aidSystem>none</r3d:aidSystem>
    <r3d:enhancedPublication>unknown</r3d:enhancedPublication>
    <r3d:qualityManagement>yes</r3d:qualityManagement>
    <r3d:metadataStandard>
      <r3d:metadataStandardName metadataStandardScheme=""DCC"">Repository-Developed Metadata Schemas</r3d:metadataStandardName>
      <r3d:metadataStandardURL>http://www.dcc.ac.uk/resources/metadata-standards/repository-developed-metadata-schemas</r3d:metadataStandardURL>
    </r3d:metadataStandard>
    <r3d:remarks>ICDC is a permanent element of the Center for Earth System Research and Sustainability (CEN) at the University of Hamburg. Close collaboration with https://www.fdr.uni-hamburg.de/ and the German Climate Computing Center (DKRZ) ensures long-term archiving of the data sets, including provision of doi. Data sets are primarily in netCDF file format and are made available via ftp, thredds, OpenDAP, on request, and within the file systems of CEN &amp; DKRZ and affiliated institutions. The long-term goal of ICDC is the provision of climate information in form of observations or re-analyses of components of the climate system. ICDC does not deal with output of climate models, which, instead, are archived in the World Data Center for Climate WDCC's CERA data bank.
How to use the ICDC: https://www.cen.uni-hamburg.de/en/icdc/service/docs-service/how-to-use-icdc.pdf</r3d:remarks>
    <r3d:entryDate>2012-09-26</r3d:entryDate>
    <r3d:lastUpdate>2023-06-19</r3d:lastUpdate>
  </r3d:repository>
</r3d:re3data>
"
NOAA National Centers for Environmental Information,r3d100010311,https://doi.org/10.17616/R38882,"<?xml version=""1.0"" encoding=""utf-8""?>
<!--re3data.org Schema for the Description of Research Data Repositories. Version 2.2, December 2014. doi:10.2312/re3.006-->
<r3d:re3data xmlns:r3d=""http://www.re3data.org/schema/2-2"" xmlns:xsi=""http://www.w3.org/2001/XMLSchema-instance"" xsi:schemaLocation=""http://www.re3data.org/schema/2-2 http://schema.re3data.org/2-2/re3dataV2-2.xsd"">
  <r3d:repository>
    <r3d:re3data.orgIdentifier>r3d100010311</r3d:re3data.orgIdentifier>
    <r3d:repositoryName language=""eng"">NOAA National Centers for Environmental Information -  Paleoclimatology Data</r3d:repositoryName>
    <r3d:additionalName language=""eng"">Paleoclimatology Data</r3d:additionalName>
    <r3d:additionalName language=""eng"">World Data Service for Paleoclimatology</r3d:additionalName>
    <r3d:repositoryURL>https://www.ncei.noaa.gov/access/paleo-search/</r3d:repositoryURL>
    <r3d:repositoryIdentifier>RRID:SCR_012149</r3d:repositoryIdentifier>
    <r3d:repositoryIdentifier>RRID:rid_000059</r3d:repositoryIdentifier>
    <r3d:description language=""eng"">Paleoclimatology data are derived from natural sources such as tree rings, ice cores, corals, and ocean and lake sediments. These proxy climate data extend the archive of weather and climate information hundreds to millions of years. The data include geophysical or biological measurement time series and some reconstructed climate variables such as temperature and precipitation.
NCEI provides the paleoclimatology data and information scientists need to understand natural climate variability and future climate change. We also operate the World Data Center for Paleoclimatology, which archives and distributes data contributed by scientists around the world.</r3d:description>
    <r3d:repositoryContact>paleo@noaa.gov</r3d:repositoryContact>
    <r3d:type>disciplinary</r3d:type>
    <r3d:size updated=""""/>
    <r3d:startDate/>
    <r3d:endDate/>
    <r3d:repositoryLanguage>eng</r3d:repositoryLanguage>
    <r3d:subject subjectScheme=""DFG"">3 Natural Sciences</r3d:subject>
    <r3d:subject subjectScheme=""DFG"">313 Atmospheric Science and Oceanography</r3d:subject>
    <r3d:subject subjectScheme=""DFG"">31302 Oceanography</r3d:subject>
    <r3d:subject subjectScheme=""DFG"">314 Geology and Palaeontology</r3d:subject>
    <r3d:subject subjectScheme=""DFG"">34 Geosciences (including Geography)</r3d:subject>
    <r3d:missionStatementURL>https://www.ncei.noaa.gov/products/paleoclimatology</r3d:missionStatementURL>
    <r3d:contentType contentTypeScheme=""parse"">Images</r3d:contentType>
    <r3d:contentType contentTypeScheme=""parse"">Scientific and statistical data formats</r3d:contentType>
    <r3d:contentType contentTypeScheme=""parse"">Standard office documents</r3d:contentType>
    <r3d:contentType contentTypeScheme=""parse"">Structured text</r3d:contentType>
    <r3d:contentType contentTypeScheme=""parse"">other</r3d:contentType>
    <r3d:providerType>dataProvider</r3d:providerType>
    <r3d:keyword>borehole</r3d:keyword>
    <r3d:keyword>climate change</r3d:keyword>
    <r3d:keyword>climate forcing</r3d:keyword>
    <r3d:keyword>climate reconstruction</r3d:keyword>
    <r3d:keyword>coral and sclerosponge</r3d:keyword>
    <r3d:keyword>fauna</r3d:keyword>
    <r3d:keyword>fire history</r3d:keyword>
    <r3d:keyword>global warming</r3d:keyword>
    <r3d:keyword>ice core</r3d:keyword>
    <r3d:keyword>insect</r3d:keyword>
    <r3d:keyword>lake</r3d:keyword>
    <r3d:keyword>lake level reconstruction</r3d:keyword>
    <r3d:keyword>loess and eolian dust</r3d:keyword>
    <r3d:keyword>paleclimate modelling</r3d:keyword>
    <r3d:keyword>paleoceanography</r3d:keyword>
    <r3d:keyword>paleoclimatology</r3d:keyword>
    <r3d:keyword>plant macrofossil</r3d:keyword>
    <r3d:keyword>pollen</r3d:keyword>
    <r3d:keyword>speleothem</r3d:keyword>
    <r3d:keyword>tree ring</r3d:keyword>
    <r3d:institution>
        <r3d:institutionName language=""eng"">National Centers for Environmental Information</r3d:institutionName>
        <r3d:institutionAdditionalName language=""eng"">NCEI</r3d:institutionAdditionalName>
        <r3d:institutionCountry>USA</r3d:institutionCountry>
        <r3d:responsibilityType>general</r3d:responsibilityType>
        <r3d:institutionType>non-profit</r3d:institutionType>
        <r3d:institutionURL>https://www.ncei.noaa.gov/</r3d:institutionURL>
        <r3d:institutionIdentifier>ROR:04r0wrp59</r3d:institutionIdentifier>
        <r3d:responsibilityStartDate/>
        <r3d:responsibilityEndDate/>
        <r3d:institutionContact>https://www.ncei.noaa.gov/contact</r3d:institutionContact>
    </r3d:institution>
    <r3d:institution>
        <r3d:institutionName language=""eng"">National Oceanic and Atmospheric Administration</r3d:institutionName>
        <r3d:institutionAdditionalName language=""eng"">NOAA</r3d:institutionAdditionalName>
        <r3d:institutionCountry>USA</r3d:institutionCountry>
        <r3d:responsibilityType>general</r3d:responsibilityType>
        <r3d:institutionType>non-profit</r3d:institutionType>
        <r3d:institutionURL>https://www.noaa.gov/</r3d:institutionURL>
        <r3d:institutionIdentifier>ROR:02z5nhe81</r3d:institutionIdentifier>
        <r3d:responsibilityStartDate/>
        <r3d:responsibilityEndDate/>
        <r3d:institutionContact>webmaster@noaa.gov</r3d:institutionContact>
    </r3d:institution>
    <r3d:policy>
        <r3d:policyName>Archive collecting policy</r3d:policyName>
        <r3d:policyURL>https://www.ncei.noaa.gov/sites/default/files/2019-10/NCEI%20Archive%20Collecting%20Policy.pdf</r3d:policyURL>
    </r3d:policy>
    <r3d:databaseAccess>
        <r3d:databaseAccessType>open</r3d:databaseAccessType>
    </r3d:databaseAccess>
    <r3d:dataAccess>
    <r3d:dataAccessType>open</r3d:dataAccessType>
    </r3d:dataAccess>
    <r3d:dataAccess>
    <r3d:dataAccessType>restricted</r3d:dataAccessType>
    <r3d:dataAccessRestriction>feeRequired</r3d:dataAccessRestriction>
    </r3d:dataAccess>
    <r3d:dataLicense>
        <r3d:dataLicenseName>Copyrights</r3d:dataLicenseName>
        <r3d:dataLicenseURL>https://www.noaa.gov/information-technology/foia</r3d:dataLicenseURL>
    </r3d:dataLicense>
    <r3d:dataLicense>
        <r3d:dataLicenseName>other</r3d:dataLicenseName>
        <r3d:dataLicenseURL>https://nosc.noaa.gov/EDMC/PD.DA.php</r3d:dataLicenseURL>
    </r3d:dataLicense>
    <r3d:dataLicense>
        <r3d:dataLicenseName>other</r3d:dataLicenseName>
        <r3d:dataLicenseURL>https://www.nesdis.noaa.gov/about/documents-reports/nesdis-policies-procedures-and-plans</r3d:dataLicenseURL>
    </r3d:dataLicense>
    <r3d:dataUpload>
        <r3d:dataUploadType>restricted</r3d:dataUploadType>
        <r3d:dataUploadRestriction>other</r3d:dataUploadRestriction>
    </r3d:dataUpload>
    <r3d:software>
        <r3d:softwareName>unknown</r3d:softwareName>
    </r3d:software>
    <r3d:versioning/>
    <r3d:api apiType=""FTP"">ftp://ftp.ncdc.noaa.gov/pub/data/paleo/</r3d:api>
    <r3d:api apiType=""REST"">https://www.ncei.noaa.gov/access/paleo-search/api</r3d:api>
    <r3d:pidSystem>DOI</r3d:pidSystem>
    <r3d:citationGuidelineURL/>
    <r3d:enhancedPublication>unknown</r3d:enhancedPublication>
    <r3d:qualityManagement>yes</r3d:qualityManagement>
    <r3d:certificate>other</r3d:certificate>
    <r3d:metadataStandard>
      <r3d:metadataStandardName metadataStandardScheme=""DCC"">DIF - Directory Interchange Format</r3d:metadataStandardName>
      <r3d:metadataStandardURL>http://www.dcc.ac.uk/resources/metadata-standards/dif-directory-interchange-format</r3d:metadataStandardURL>
    </r3d:metadataStandard>
    <r3d:metadataStandard>
      <r3d:metadataStandardName metadataStandardScheme=""DCC"">FGDC/CSDGM - Federal Geographic Data Committee Content Standard for Digital Geospatial Metadata</r3d:metadataStandardName>
      <r3d:metadataStandardURL>http://www.dcc.ac.uk/resources/metadata-standards/fgdccsdgm-federal-geographic-data-committee-content-standard-digital-ge</r3d:metadataStandardURL>
    </r3d:metadataStandard>
    <r3d:metadataStandard>
      <r3d:metadataStandardName metadataStandardScheme=""DCC"">ISO 19115</r3d:metadataStandardName>
      <r3d:metadataStandardURL>http://www.dcc.ac.uk/resources/metadata-standards/iso-19115</r3d:metadataStandardURL>
    </r3d:metadataStandard>
    <r3d:remarks>NOAA National Centers for Environmental Information -  Paleoclimatology Data is a regular member of the World Data System - WDS. NOAA Paleoclimatology Data is covered by Clarivate Data Citation Index.
former version of the page see: 
The National Climatic Data Center, the National Geophysical Data Center, and the National Oceanographic Data Center, which includes the National Coastal Data Development Center have merged into the National Centers for Environmental Information (NCEI)</r3d:remarks>
    <r3d:entryDate>2013-05-11</r3d:entryDate>
    <r3d:lastUpdate>2023-05-09</r3d:lastUpdate>
  </r3d:repository>
</r3d:re3data>
"
U.S. Antarctic Program Data Center,r3d100010660,https://doi.org/10.17616/R31898,"<?xml version=""1.0"" encoding=""utf-8""?>
<!--re3data.org Schema for the Description of Research Data Repositories. Version 2.2, December 2014. doi:10.2312/re3.006-->
<r3d:re3data xmlns:r3d=""http://www.re3data.org/schema/2-2"" xmlns:xsi=""http://www.w3.org/2001/XMLSchema-instance"" xsi:schemaLocation=""http://www.re3data.org/schema/2-2 http://schema.re3data.org/2-2/re3dataV2-2.xsd"">
  <r3d:repository>
    <r3d:re3data.orgIdentifier>r3d100010660</r3d:re3data.orgIdentifier>
    <r3d:repositoryName language=""eng"">U.S. Antarctic Program Data Center</r3d:repositoryName>
    <r3d:additionalName language=""eng"">USAP-DC</r3d:additionalName>
    <r3d:repositoryURL>https://www.usap-dc.org/</r3d:repositoryURL>
    <r3d:repositoryIdentifier>FAIRsharing_doi:10.25504/FAIRsharing.XIxciC</r3d:repositoryIdentifier>
    <r3d:repositoryIdentifier>RRID:SCR_002221</r3d:repositoryIdentifier>
    <r3d:repositoryIdentifier>RRID:nlx_154744</r3d:repositoryIdentifier>
    <r3d:description language=""eng"">The U.S. Antarctic Program Data Center (USAP-DC) provides the central Project Catalog  for projects funded by the NSF for the U.S. Antarctic Program and  Data Repository for multi-disciplinary investigator research datasets derived from these projects. Services provided support investigators in documenting, preserving, and disseminating their research results. All data are openly accessible to the international community for browse, search, and data download. Datasets are registered in the Antarctic Master Directory to comply with the Antarctic Treaty.</r3d:description>
    <r3d:repositoryContact>https://www.usap-dc.org/contact</r3d:repositoryContact>
    <r3d:repositoryContact>info@usap-dc.org</r3d:repositoryContact>
    <r3d:repositoryContact>web@usap-dc.org</r3d:repositoryContact>
    <r3d:type>disciplinary</r3d:type>
    <r3d:size updated=""""/>
    <r3d:startDate>2007</r3d:startDate>
    <r3d:endDate/>
    <r3d:repositoryLanguage>eng</r3d:repositoryLanguage>
    <r3d:subject subjectScheme=""DFG"">2 Life Sciences</r3d:subject>
    <r3d:subject subjectScheme=""DFG"">202 Plant Sciences</r3d:subject>
    <r3d:subject subjectScheme=""DFG"">21 Biology</r3d:subject>
    <r3d:subject subjectScheme=""DFG"">3 Natural Sciences</r3d:subject>
    <r3d:subject subjectScheme=""DFG"">311 Astrophysics and Astronomy</r3d:subject>
    <r3d:subject subjectScheme=""DFG"">313 Atmospheric Science and Oceanography</r3d:subject>
    <r3d:subject subjectScheme=""DFG"">32 Physics</r3d:subject>
    <r3d:subject subjectScheme=""DFG"">34 Geosciences (including Geography)</r3d:subject>
    <r3d:missionStatementURL>https://www.usap-dc.org/overview</r3d:missionStatementURL>
    <r3d:contentType contentTypeScheme=""parse"">Databases</r3d:contentType>
    <r3d:contentType contentTypeScheme=""parse"">Images</r3d:contentType>
    <r3d:contentType contentTypeScheme=""parse"">Scientific and statistical data formats</r3d:contentType>
    <r3d:contentType contentTypeScheme=""parse"">Standard office documents</r3d:contentType>
    <r3d:contentType contentTypeScheme=""parse"">Structured text</r3d:contentType>
    <r3d:contentType contentTypeScheme=""parse"">other</r3d:contentType>
    <r3d:providerType>dataProvider</r3d:providerType>
    <r3d:providerType>serviceProvider</r3d:providerType>
    <r3d:keyword>climatology</r3d:keyword>
    <r3d:keyword>cryosphere</r3d:keyword>
    <r3d:keyword>earth science</r3d:keyword>
    <r3d:keyword>ecosystem</r3d:keyword>
    <r3d:keyword>glaciology</r3d:keyword>
    <r3d:keyword>human interactions</r3d:keyword>
    <r3d:keyword>meteorology</r3d:keyword>
    <r3d:keyword>ocean</r3d:keyword>
    <r3d:keyword>plants</r3d:keyword>
    <r3d:keyword>polar</r3d:keyword>
    <r3d:keyword>solar activity</r3d:keyword>
    <r3d:keyword>vegetation</r3d:keyword>
    <r3d:institution>
        <r3d:institutionName language=""eng"">Columbia University, Lamont-Doherty Earth Observatory</r3d:institutionName>
        <r3d:institutionAdditionalName language=""eng"">LDEO</r3d:institutionAdditionalName>
        <r3d:institutionCountry>USA</r3d:institutionCountry>
        <r3d:responsibilityType>technical</r3d:responsibilityType>
        <r3d:institutionType>non-profit</r3d:institutionType>
        <r3d:institutionURL>https://lamont.columbia.edu/</r3d:institutionURL>
        <r3d:institutionIdentifier>ROR:02e2tgs60</r3d:institutionIdentifier>
        <r3d:responsibilityStartDate/>
        <r3d:responsibilityEndDate/>
        <r3d:institutionContact>https://lamont.columbia.edu/contact-us</r3d:institutionContact>
    </r3d:institution>
    <r3d:institution>
        <r3d:institutionName language=""eng"">Interdisciplinary Earth Data Alliance</r3d:institutionName>
        <r3d:institutionAdditionalName language=""eng"">IEDA</r3d:institutionAdditionalName>
        <r3d:institutionCountry>USA</r3d:institutionCountry>
        <r3d:responsibilityType>general</r3d:responsibilityType>
        <r3d:responsibilityType>technical</r3d:responsibilityType>
        <r3d:institutionType>non-profit</r3d:institutionType>
        <r3d:institutionURL>https://www.iedadata.org/</r3d:institutionURL>
        <r3d:institutionIdentifier>ROR:02fjjnc15</r3d:institutionIdentifier>
        <r3d:responsibilityStartDate/>
        <r3d:responsibilityEndDate/>
    </r3d:institution>
    <r3d:institution>
        <r3d:institutionName language=""eng"">National Science Foundation</r3d:institutionName>
        <r3d:institutionAdditionalName language=""eng"">NSF</r3d:institutionAdditionalName>
        <r3d:institutionCountry>USA</r3d:institutionCountry>
        <r3d:responsibilityType>funding</r3d:responsibilityType>
        <r3d:institutionType>non-profit</r3d:institutionType>
        <r3d:institutionURL>https://www.nsf.gov/</r3d:institutionURL>
        <r3d:institutionIdentifier>ROR:021nxhr62</r3d:institutionIdentifier>
        <r3d:responsibilityStartDate/>
        <r3d:responsibilityEndDate/>
        <r3d:institutionContact>https://www.nsf.gov/help/contact.jsp</r3d:institutionContact>
    </r3d:institution>
    <r3d:institution>
        <r3d:institutionName language=""eng"">United States Antarctic Program</r3d:institutionName>
        <r3d:institutionAdditionalName language=""eng"">USAP</r3d:institutionAdditionalName>
        <r3d:institutionCountry>USA</r3d:institutionCountry>
        <r3d:responsibilityType>general</r3d:responsibilityType>
        <r3d:institutionType>non-profit</r3d:institutionType>
        <r3d:institutionURL>https://www.usap.gov/</r3d:institutionURL>
        <r3d:responsibilityStartDate/>
        <r3d:responsibilityEndDate/>
    </r3d:institution>
    <r3d:policy>
        <r3d:policyName>Data Management and Data Reporting Requirements for Research Awards Supported by the Office of Polar Programs</r3d:policyName>
        <r3d:policyURL>https://www.nsf.gov/publications/pub_summ.jsp?ods_key=nsf16055</r3d:policyURL>
    </r3d:policy>
    <r3d:policy>
        <r3d:policyName>NSF Dissemination and Sharing of Research Results</r3d:policyName>
        <r3d:policyURL>https://www.nsf.gov/bfa/dias/policy/dmp.jsp</r3d:policyURL>
    </r3d:policy>
    <r3d:databaseAccess>
        <r3d:databaseAccessType>open</r3d:databaseAccessType>
    </r3d:databaseAccess>
    <r3d:dataAccess>
    <r3d:dataAccessType>open</r3d:dataAccessType>
    </r3d:dataAccess>
    <r3d:dataLicense>
        <r3d:dataLicenseName>Copyrights</r3d:dataLicenseName>
        <r3d:dataLicenseURL>http://www.usap-data.org/legal.php#copyright</r3d:dataLicenseURL>
    </r3d:dataLicense>
    <r3d:dataLicense>
        <r3d:dataLicenseName>other</r3d:dataLicenseName>
        <r3d:dataLicenseURL>https://www.nsf.gov/pubs/2016/nsf16055/nsf16055.jsp</r3d:dataLicenseURL>
    </r3d:dataLicense>
    <r3d:dataUpload>
        <r3d:dataUploadType>restricted</r3d:dataUploadType>
        <r3d:dataUploadRestriction>registration</r3d:dataUploadRestriction>
    </r3d:dataUpload>
    <r3d:dataUploadLicense>
        <r3d:dataUploadLicenseName>How to Contribute Data</r3d:dataUploadLicenseName>
        <r3d:dataUploadLicenseURL>https://www.usap-dc.org/submit</r3d:dataUploadLicenseURL>
    </r3d:dataUploadLicense>
    <r3d:versioning/>
    <r3d:api apiType=""REST"">https://www.usap-dc.org/api</r3d:api>
    <r3d:pidSystem>DOI</r3d:pidSystem>
    <r3d:citationGuidelineURL/>
    <r3d:aidSystem>ORCID</r3d:aidSystem>
    <r3d:enhancedPublication>unknown</r3d:enhancedPublication>
    <r3d:qualityManagement>yes</r3d:qualityManagement>
    <r3d:metadataStandard>
      <r3d:metadataStandardName metadataStandardScheme=""DCC"">DIF - Directory Interchange Format</r3d:metadataStandardName>
      <r3d:metadataStandardURL>http://www.dcc.ac.uk/resources/metadata-standards/dif-directory-interchange-format</r3d:metadataStandardURL>
    </r3d:metadataStandard>
    <r3d:remarks>USAP-DC is part of the IEDA Data Facility and part of MGDS. USAP-DC also functions as the U.S. National Antarctic Data Center (NADC) in the SCAR Standing Committee on Antarctic Data Management.
From 2016 to 2018, the AGDC data sets were transferred to USAP-DC. All AGDC data previously archived with NSIDC are now available via the USAP-DC.</r3d:remarks>
    <r3d:entryDate>2014-01-22</r3d:entryDate>
    <r3d:lastUpdate>2022-12-12</r3d:lastUpdate>
  </r3d:repository>
</r3d:re3data>
"